aug_id,global_weight,global_active,class_mean_weight,class_max_weight,class_active_frequency,augmentation_name,transform_class
aug_000,0.00041315518,True,0.0038120302,0.05076661,1.0,identity,identity
aug_001,0.0004181971,True,0.007536128,0.47005874,1.0,square_r90,SquareSymmetry
aug_002,0.0072875633,True,0.013021813,0.6067199,1.0,square_r180,SquareSymmetry
aug_003,0.0041783275,True,0.012400901,0.73101836,1.0,square_r270,SquareSymmetry
aug_004,0.0062910626,True,0.013896261,0.5534546,1.0,square_vertical,SquareSymmetry
aug_005,0.0074832104,True,0.014045581,0.39519775,1.0,square_horizontal,SquareSymmetry
aug_006,0.0027422942,True,0.013620082,0.5141697,1.0,rotate_minus_5,Rotate
aug_007,0.0010745394,True,0.010718741,0.37692398,1.0,rotate_plus_5,Rotate
aug_008,0.054586858,True,0.017574975,0.3718143,1.0,rotate_minus_10,Rotate
aug_009,0.009672775,True,0.01615219,0.41641274,1.0,rotate_plus_10,Rotate
aug_010,0.031225236,True,0.016357822,0.6720416,1.0,rotate_minus_20,Rotate
aug_011,0.085652046,True,0.01939059,0.68925726,1.0,rotate_plus_20,Rotate
aug_012,0.015735399,True,0.016711628,0.57611924,1.0,rotate_minus_30,Rotate
aug_013,0.0017181096,True,0.015067311,0.7230938,1.0,rotate_plus_30,Rotate
aug_014,0.0012716912,True,0.013487215,0.6474734,1.0,rotate_minus_40,Rotate
aug_015,0.0024904646,True,0.015885852,0.8411478,1.0,rotate_plus_40,Rotate
aug_016,0.00045146947,True,0.01329752,0.61785895,1.0,safe_rotate_minus_20,SafeRotate
aug_017,0.0013630767,True,0.015850363,0.89170736,1.0,safe_rotate_plus_20,SafeRotate
aug_018,0.0045021614,True,0.01220945,0.92931867,1.0,safe_rotate_minus_40,SafeRotate
aug_019,0.0076157423,True,0.011333663,0.5120941,1.0,safe_rotate_plus_40,SafeRotate
aug_020,0.0635984,True,0.017421039,0.90129393,1.0,scale_080,Affine
aug_021,0.066745944,True,0.015924282,0.5488649,1.0,scale_090,Affine
aug_022,0.0027378837,True,0.011548097,0.41652185,1.0,scale_095,Affine
aug_023,0.0027808943,True,0.014274818,0.921068,1.0,scale_105,Affine
aug_024,0.044362105,True,0.018797185,0.6302965,1.0,scale_110,Affine
aug_025,0.18250401,True,0.031196859,0.898125,1.0,scale_120,Affine
aug_026,0.00060069107,True,0.009501871,0.87514085,1.0,shear_x_minus_5,Affine
aug_027,0.0011435618,True,0.012474062,0.44006544,1.0,shear_x_plus_5,Affine
aug_028,0.00095904706,True,0.009953511,0.47459763,1.0,shear_y_minus_5,Affine
aug_029,0.073057465,True,0.0110921385,0.38548556,1.0,shear_y_plus_5,Affine
aug_030,0.00042217987,True,0.0057754517,0.2674742,1.0,brightness_minus_10,RandomBrightnessContrast
aug_031,0.00039368798,True,0.003979372,0.114359416,1.0,brightness_plus_10,RandomBrightnessContrast
aug_032,0.00048826795,True,0.009418935,0.4451136,1.0,brightness_minus_20,RandomBrightnessContrast
aug_033,0.00038047787,True,0.0069861044,0.3115983,1.0,brightness_plus_20,RandomBrightnessContrast
aug_034,0.00041779815,True,0.004295665,0.08336408,1.0,contrast_minus_10,RandomBrightnessContrast
aug_035,0.0003944173,True,0.0040714806,0.076997,1.0,contrast_plus_10,RandomBrightnessContrast
aug_036,0.00042922416,True,0.0052876915,0.20709307,1.0,contrast_minus_20,RandomBrightnessContrast
aug_037,0.00039197187,True,0.005344261,0.25547516,1.0,contrast_plus_20,RandomBrightnessContrast
aug_038,0.0004163407,True,0.0062976526,0.34152186,1.0,brightness_contrast_minus_10,RandomBrightnessContrast
aug_039,0.0004020954,True,0.006139626,0.35998747,1.0,brightness_contrast_plus_10,RandomBrightnessContrast
aug_040,0.0003572576,True,0.0064285197,0.50398374,1.0,gamma_80,RandomGamma
aug_041,0.000397209,True,0.0046772445,0.08178653,1.0,gamma_90,RandomGamma
aug_042,0.00042835402,True,0.0038139794,0.07487368,1.0,gamma_110,RandomGamma
aug_043,0.00047205508,True,0.0050137043,0.10663006,1.0,gamma_120,RandomGamma
aug_044,0.00042578302,True,0.00388827,0.08793785,1.0,random_tone_curve_light,RandomToneCurve
aug_045,0.00042119413,True,0.004404644,0.12544023,1.0,random_tone_curve_medium,RandomToneCurve
aug_046,0.00044358085,True,0.0059641427,0.20534201,1.0,random_tone_curve_strong,RandomToneCurve
aug_047,0.02983663,True,0.016310323,0.9150129,1.0,autocontrast_cdf,AutoContrast
aug_048,0.039088473,True,0.0084972335,0.36103338,1.0,autocontrast_pil_cutoff_1,AutoContrast
aug_049,0.0015000503,True,0.011919898,0.5102953,1.0,clahe_clip_2,CLAHE
aug_050,0.022276191,True,0.015397385,0.42330694,1.0,clahe_clip_4,CLAHE
aug_051,0.032466933,True,0.015443502,0.927733,1.0,equalize_luma,Equalize
aug_052,0.00034395428,True,0.010043932,0.3640814,1.0,hue_minus_5,HueSaturationValue
aug_053,0.00085664645,True,0.0074626426,0.3801368,1.0,hue_plus_5,HueSaturationValue
aug_054,0.0004112754,True,0.006591799,0.23775752,1.0,saturation_minus_15,HueSaturationValue
aug_055,0.00037889634,True,0.0055743176,0.19762045,1.0,saturation_plus_15,HueSaturationValue
aug_056,0.0003428633,True,0.009746802,0.32506698,1.0,saturation_minus_30,HueSaturationValue
aug_057,0.00048673197,True,0.0077536507,0.3995179,1.0,saturation_plus_30,HueSaturationValue
aug_058,0.00042781676,True,0.004381811,0.077565916,1.0,value_minus_15,HueSaturationValue
aug_059,0.00038448907,True,0.005269883,0.37364072,1.0,value_plus_15,HueSaturationValue
aug_060,0.000397991,True,0.0046965303,0.15510875,1.0,rgb_red_minus_10,RGBShift
aug_061,0.00040085491,True,0.006623358,0.31099913,1.0,rgb_red_plus_10,RGBShift
aug_062,0.00034764677,True,0.00798414,0.34995475,1.0,rgb_green_minus_10,RGBShift
aug_063,0.00038336669,True,0.006862227,0.2822255,1.0,rgb_green_plus_10,RGBShift
aug_064,0.00040054478,True,0.0059950138,0.13759337,1.0,rgb_blue_minus_10,RGBShift
aug_065,0.00036627383,True,0.004997961,0.15542871,1.0,rgb_blue_plus_10,RGBShift
aug_066,0.0003679849,True,0.0064514102,0.15232323,1.0,planckian_warm_blackbody,PlanckianJitter
aug_067,0.00044299779,True,0.008132871,0.415446,1.0,planckian_daylight_blackbody,PlanckianJitter
aug_068,0.0003268341,True,0.007953915,0.41578695,1.0,planckian_cool_blackbody,PlanckianJitter
aug_069,0.022358676,True,0.011910283,0.47142962,1.0,planckian_warm_cied,PlanckianJitter
aug_070,0.00036932266,True,0.0070231254,0.34656295,1.0,planckian_daylight_cied,PlanckianJitter
aug_071,0.00042240735,True,0.0038440367,0.073148616,1.0,planckian_cool_cied,PlanckianJitter
aug_072,0.03901546,True,0.033609714,0.9340241,1.0,gray_weighted,ToGray
aug_073,0.00039850242,True,0.004131971,0.1759647,1.0,blur_3,Blur
aug_074,0.00058927893,True,0.004459564,0.3563909,1.0,blur_5,Blur
aug_075,0.0003496102,True,0.0054028244,0.23120031,1.0,gaussian_blur_sigma_05,GaussianBlur
aug_076,0.00041350146,True,0.0049851667,0.19913384,1.0,gaussian_blur_sigma_10,GaussianBlur
aug_077,0.0005266442,True,0.003960839,0.23046657,1.0,gaussian_blur_sigma_15,GaussianBlur
aug_078,0.0003121859,True,0.0058718356,0.20472753,1.0,median_blur_3,MedianBlur
aug_079,0.006125844,True,0.013408476,0.9213239,1.0,median_blur_5,MedianBlur
aug_080,0.00034193424,True,0.004573517,0.14713037,1.0,motion_blur_3_horizontal,MotionBlur
aug_081,0.00035986135,True,0.011572568,0.92925906,1.0,motion_blur_5_horizontal,MotionBlur
aug_082,0.0003604726,True,0.011466948,0.76288295,1.0,motion_blur_5_diagonal,MotionBlur
aug_083,0.0004964729,True,0.0053846096,0.30148196,1.0,defocus_radius_3,Defocus
aug_084,0.0006633832,True,0.007854306,0.5233386,1.0,defocus_radius_5,Defocus
aug_085,0.0007880303,True,0.013042174,0.36733845,1.0,sharpen_light,Sharpen
aug_086,0.019669488,True,0.016661426,0.7897634,1.0,sharpen_medium,Sharpen
aug_087,0.00041970718,True,0.0042297835,0.06781811,1.0,unsharp_mask_light,UnsharpMask
aug_088,0.0004355648,True,0.0052959076,0.15804592,1.0,enhance_detail_light,Enhance
aug_089,0.012214177,True,0.010556503,0.5771784,1.0,jpeg_quality_70,ImageCompression
aug_090,0.0022821003,True,0.013436824,0.81207097,1.0,jpeg_quality_50,ImageCompression
aug_091,0.0008350774,True,0.012928346,0.5294476,1.0,jpeg_quality_30,ImageCompression
aug_092,0.03451667,True,0.01573667,0.9221678,1.0,jpeg_quality_15,ImageCompression
aug_093,0.0014192521,True,0.01290157,0.7223872,1.0,webp_quality_25,ImageCompression
aug_094,0.0014249214,True,0.013397951,0.7527395,1.0,webp_quality_10,ImageCompression
aug_095,0.0004499578,True,0.004754381,0.29313478,1.0,downscale_050_area_linear,Downscale
aug_096,0.00060588936,True,0.0061646947,0.4803228,1.0,downscale_040_area_linear,Downscale
aug_097,0.019446854,True,0.008469237,0.41823718,1.0,downscale_033_area_linear,Downscale
aug_098,0.007787586,True,0.018119765,0.9478867,1.0,downscale_025_area_linear,Downscale
aug_099,0.0006204998,True,0.004413683,0.25707766,1.0,ringing_overshoot_light,RingingOvershoot
