aug_id,mean_gain,selection_frequency,oracle_frequency,augmentation_name,transform_class
aug_000,0.0,1.0,1.0,identity,identity
aug_001,-1.1663637,0.0504,0.1346,square_r90,SquareSymmetry
aug_002,-0.98702013,0.0044,0.1284,square_r180,SquareSymmetry
aug_003,-1.1530104,0.0382,0.1456,square_r270,SquareSymmetry
aug_004,-1.0013645,0.0034,0.129,square_vertical,SquareSymmetry
aug_005,-0.008836119,0.001,0.244,square_horizontal,SquareSymmetry
aug_006,-0.0055251564,0.0,0.1956,rotate_minus_5,Rotate
aug_007,0.0010206528,0.0,0.1892,rotate_plus_5,Rotate
aug_008,-0.01345869,0.0204,0.2056,rotate_minus_10,Rotate
aug_009,-0.009955038,0.1484,0.2168,rotate_plus_10,Rotate
aug_010,-0.057145946,0.7314,0.2312,rotate_minus_20,Rotate
aug_011,-0.037066396,0.6024,0.2366,rotate_plus_20,Rotate
aug_012,-0.12640244,0.525,0.2154,rotate_minus_30,Rotate
aug_013,-0.1472703,0.5036,0.2148,rotate_plus_30,Rotate
aug_014,-0.2783718,0.2558,0.1978,rotate_minus_40,Rotate
aug_015,-0.29168642,0.1146,0.1942,rotate_plus_40,Rotate
aug_016,-0.20357308,0.68,0.1872,safe_rotate_minus_20,SafeRotate
aug_017,-0.20071027,0.4792,0.1808,safe_rotate_plus_20,SafeRotate
aug_018,-0.67404836,0.0638,0.175,safe_rotate_minus_40,SafeRotate
aug_019,-0.6949463,0.0482,0.176,safe_rotate_plus_40,SafeRotate
aug_020,-0.09234027,0.9502,0.1806,scale_080,Affine
aug_021,-0.013309189,0.642,0.1914,scale_090,Affine
aug_022,0.003964765,0.0,0.1766,scale_095,Affine
aug_023,0.0015025177,0.0,0.1996,scale_105,Affine
aug_024,-0.0066195875,0.0,0.2428,scale_110,Affine
aug_025,-0.02572081,0.0346,0.2868,scale_120,Affine
aug_026,-0.0038852135,0.0352,0.1966,shear_x_minus_5,Affine
aug_027,-0.0052818214,0.0,0.1952,shear_x_plus_5,Affine
aug_028,0.0019146305,0.0,0.2074,shear_y_minus_5,Affine
aug_029,0.011086328,0.0004,0.205,shear_y_plus_5,Affine
aug_030,-0.011975387,0.0748,0.1484,brightness_minus_10,RandomBrightnessContrast
aug_031,-0.0076379813,0.0004,0.1386,brightness_plus_10,RandomBrightnessContrast
aug_032,-0.05237435,0.7286,0.2014,brightness_minus_20,RandomBrightnessContrast
aug_033,-0.020602861,0.071,0.1912,brightness_plus_20,RandomBrightnessContrast
aug_034,-0.00041211068,0.0,0.1044,contrast_minus_10,RandomBrightnessContrast
aug_035,-0.0032145225,0.0,0.1104,contrast_plus_10,RandomBrightnessContrast
aug_036,0.00019993512,0.0002,0.149,contrast_minus_20,RandomBrightnessContrast
aug_037,-0.005392567,0.0374,0.158,contrast_plus_20,RandomBrightnessContrast
aug_038,-0.015323697,0.1212,0.19,brightness_contrast_minus_10,RandomBrightnessContrast
aug_039,-0.011579203,0.002,0.1892,brightness_contrast_plus_10,RandomBrightnessContrast
aug_040,-0.0011234303,0.0002,0.1654,gamma_80,RandomGamma
aug_041,-0.0008632291,0.0,0.1198,gamma_90,RandomGamma
aug_042,-0.002064832,0.0,0.0984,gamma_110,RandomGamma
aug_043,-0.0042744875,0.0266,0.1464,gamma_120,RandomGamma
aug_044,-0.005062686,0.026,0.0958,random_tone_curve_light,RandomToneCurve
aug_045,-0.0058549475,0.1164,0.1122,random_tone_curve_medium,RandomToneCurve
aug_046,-0.013263391,0.0038,0.1476,random_tone_curve_strong,RandomToneCurve
aug_047,-0.092518054,0.3126,0.2224,autocontrast_cdf,AutoContrast
aug_048,-0.0052643195,0.1514,0.163,autocontrast_pil_cutoff_1,AutoContrast
aug_049,-0.058260944,0.1412,0.2082,clahe_clip_2,CLAHE
aug_050,-0.1245713,0.1456,0.2068,clahe_clip_4,CLAHE
aug_051,-0.10176692,0.2922,0.2078,equalize_luma,Equalize
aug_052,-0.021826005,0.0146,0.18,hue_minus_5,HueSaturationValue
aug_053,-0.0156066585,0.5732,0.1766,hue_plus_5,HueSaturationValue
aug_054,-0.0032346721,0.0006,0.1466,saturation_minus_15,HueSaturationValue
aug_055,-0.0020012427,0.0132,0.1262,saturation_plus_15,HueSaturationValue
aug_056,-0.022840828,0.3948,0.1998,saturation_minus_30,HueSaturationValue
aug_057,-0.014750786,0.5194,0.1602,saturation_plus_30,HueSaturationValue
aug_058,-0.009597009,0.0002,0.1262,value_minus_15,HueSaturationValue
aug_059,-0.004370826,0.0,0.1196,value_plus_15,HueSaturationValue
aug_060,-0.0072786524,0.0148,0.1428,rgb_red_minus_10,RGBShift
aug_061,-0.00677797,0.0,0.1474,rgb_red_plus_10,RGBShift
aug_062,-0.0054196403,0.1348,0.1694,rgb_green_minus_10,RGBShift
aug_063,-0.0155057,0.0984,0.1684,rgb_green_plus_10,RGBShift
aug_064,-0.0039652046,0.0012,0.1316,rgb_blue_minus_10,RGBShift
aug_065,-0.0014918632,0.0004,0.13,rgb_blue_plus_10,RGBShift
aug_066,-0.0074262023,0.2268,0.1538,planckian_warm_blackbody,PlanckianJitter
aug_067,-0.010766888,0.2518,0.1606,planckian_daylight_blackbody,PlanckianJitter
aug_068,-0.0074758637,0.0134,0.1732,planckian_cool_blackbody,PlanckianJitter
aug_069,-0.02438841,0.393,0.184,planckian_warm_cied,PlanckianJitter
aug_070,-0.010017357,0.012,0.13,planckian_daylight_cied,PlanckianJitter
aug_071,-0.0015723397,0.0122,0.056,planckian_cool_cied,PlanckianJitter
aug_072,-0.36500034,0.0146,0.2172,gray_weighted,ToGray
aug_073,-0.04931646,0.0144,0.094,blur_3,Blur
aug_074,-0.20744812,0.0112,0.12,blur_5,Blur
aug_075,0.00566818,0.0,0.0692,gaussian_blur_sigma_05,GaussianBlur
aug_076,-0.063900046,0.04,0.1106,gaussian_blur_sigma_10,GaussianBlur
aug_077,-0.19476937,0.0198,0.1188,gaussian_blur_sigma_15,GaussianBlur
aug_078,-0.042057764,0.0026,0.1236,median_blur_3,MedianBlur
aug_079,-0.22391577,0.0006,0.1538,median_blur_5,MedianBlur
aug_080,-0.026014535,0.0042,0.1066,motion_blur_3_horizontal,MotionBlur
aug_081,-0.133853,0.3308,0.1418,motion_blur_5_horizontal,MotionBlur
aug_082,-0.076255806,0.6876,0.1734,motion_blur_5_diagonal,MotionBlur
aug_083,-0.24386857,0.0352,0.1154,defocus_radius_3,Defocus
aug_084,-0.66622317,0.0,0.1128,defocus_radius_5,Defocus
aug_085,-0.0602652,0.7734,0.2124,sharpen_light,Sharpen
aug_086,-0.12274358,0.8978,0.2008,sharpen_medium,Sharpen
aug_087,-0.0040882444,0.0014,0.073,unsharp_mask_light,UnsharpMask
aug_088,-0.0078011393,0.2758,0.1342,enhance_detail_light,Enhance
aug_089,-0.050453145,0.2186,0.1522,jpeg_quality_70,ImageCompression
aug_090,-0.09372953,0.603,0.1674,jpeg_quality_50,ImageCompression
aug_091,-0.15254039,0.5346,0.1558,jpeg_quality_30,ImageCompression
aug_092,-0.2838501,0.132,0.1524,jpeg_quality_15,ImageCompression
aug_093,-0.18422374,0.2086,0.1686,webp_quality_25,ImageCompression
aug_094,-0.33081612,0.0244,0.1506,webp_quality_10,ImageCompression
aug_095,-0.068126656,0.0208,0.1086,downscale_050_area_linear,Downscale
aug_096,-0.15360087,0.1208,0.1166,downscale_040_area_linear,Downscale
aug_097,-0.2926694,0.1204,0.1274,downscale_033_area_linear,Downscale
aug_098,-0.69854695,0.0026,0.1376,downscale_025_area_linear,Downscale
aug_099,-0.24266067,0.0458,0.1486,ringing_overshoot_light,RingingOvershoot
