strategy,top1_delta_vs_clean,top5_delta_vs_clean,nll_delta_vs_clean,ece_delta_vs_clean,forwards_per_image,relative_compute_vs_all
clean,0.0,0.0,0.0,0.0,1.0,0.01
fixed_light_tta,0.0038000000000000256,-0.00539999999999996,-0.08212280273437511,-0.04067430216759439,17.0,0.17
random_topk,0.0042000000000000925,-0.00047200000000002795,-0.11841810941696174,-0.056046317718505795,17.0,0.17
all_100_uniform,0.00552000000000008,0.001040000000000041,-0.1483474373817445,-0.060192698773145696,100.0,1.0
learned_topk_uniform,0.0048799999999999955,0.0031200000000000117,-0.11446100473403942,-0.0417530194956064,17.0,0.17
learned_topk_softmax_weighted,0.0049200000000000355,0.0031999999999999806,-0.1145467758178712,-0.042204527439326,17.0,0.17
oracle_topk_uniform,0.07024000000000008,0.017199999999999993,-0.4495955407619478,-0.07323401819184419,17.0,0.17
global_weighted_tta,0.010200000000000098,0.003920000000000035,-0.16840583086013805,-0.0577776219397783,100.0,1.0
class_weighted_tta,0.0006800000000000139,-0.0046399999999999775,-0.09967756271362316,-0.056723149528503394,100.0,1.0
