strategy,top1,top5,nll,ece,forwards_per_image,relative_compute_vs_all
clean,0.80468,0.94592,0.9394408464431764,0.0867521771347522,1.0,0.01
fixed_light_tta,0.80848,0.94052,0.8573180437088013,0.0460778749671578,17.0,0.17
random_topk,0.80888,0.945448,0.8210227370262146,0.0307058594162464,17.0,0.17
all_100_uniform,0.8102,0.94696,0.7910934090614319,0.0265594783616065,100.0,1.0
learned_topk_uniform,0.80956,0.94904,0.824979841709137,0.0449991576391458,17.0,0.17
learned_topk_softmax_weighted,0.8096,0.94912,0.8248940706253052,0.0445476496954262,17.0,0.17
oracle_topk_uniform,0.87492,0.96312,0.4898453056812286,0.013518158942908,17.0,0.17
global_weighted_tta,0.81488,0.94984,0.7710350155830383,0.0289745551949739,100.0,1.0
class_weighted_tta,0.80536,0.94128,0.8397632837295532,0.0300290276062488,100.0,1.0
