aug_id,mean_gain,median_gain,help_rate,hurt_rate,p05_gain,p90_gain,p95_gain,p99_gain,augmentation_name,transform_class,selection_frequency,oracle_frequency,global_weight,class_mean_weight,class_active_frequency,help_minus_hurt_rate,global_weight_rank,mean_gain_rank
aug_025,-0.017144227549183485,-1.1920929e-07,0.44676,0.5012,-1.284467245,0.4171789650000031,1.207585389999999,3.1149016779999994,scale_120,Affine,0.0376,0.2868,0.18250401,0.031196859,1.0,-0.05443999999999999,1,47
aug_011,-0.05122228788769098,-2.98023895e-06,0.39548,0.55916,-1.457180475,0.38124819000000215,1.151804864999999,3.0679337339999986,rotate_plus_20,Rotate,0.7534,0.2366,0.085652046,0.01939059,1.0,-0.16368,2,62
aug_029,-0.0015519050109444046,-1.1920929e-07,0.4324,0.50356,-0.6927232864999999,0.24901278500000015,0.6832881179999998,1.7571784239999884,shear_y_plus_5,Affine,0.0012,0.205,0.073057465,0.0110921385,1.0,-0.07116,3,11
aug_021,-0.01467930352579514,-1.66893605e-06,0.3938,0.55604,-1.088246635,0.33455535200000175,0.9769883124999996,2.602625121999999,scale_090,Affine,0.0458,0.1914,0.066745944,0.015924282,1.0,-0.16224,4,42
aug_020,-0.0826913999272197,-2.24116115e-05,0.3374,0.62828,-1.7223830949999999,0.34806140600000196,1.2025794299999997,3.479740302999999,scale_080,Affine,0.5432,0.1806,0.0635984,0.017421039,1.0,-0.29087999999999997,5,67
aug_008,-0.015656497890853615,-8.344656e-07,0.41188,0.53412,-1.0739118049999998,0.3392528780000008,0.9754933659999996,2.5834871269999944,rotate_minus_10,Rotate,0.0748,0.2056,0.054586858,0.017574975,1.0,-0.12224000000000002,6,44
aug_024,-0.00022164589449719755,0.0,0.44832,0.4944,-0.9609643929999999,0.33727494000000063,0.9361173899999973,2.505656016999991,scale_110,Affine,0.0,0.2428,0.044362105,0.018797185,1.0,-0.04608000000000001,7,6
aug_048,-0.010152235077478599,0.0,0.42816,0.4926,-0.4255175745,0.1103156860000004,0.3610206819999995,1.243117363999998,autocontrast_pil_cutoff_1,AutoContrast,0.1162,0.163,0.039088473,0.0084972335,1.0,-0.06444,8,39
aug_072,-0.3747012131334927,-0.00019647773,0.31392,0.63796,-3.50123821,0.2559293130000005,1.165663975,3.6978155709999894,gray_weighted,ToGray,0.0078,0.2172,0.03901546,0.033609714,1.0,-0.32404,9,92
aug_092,-0.28756663948621985,-0.0005871121,0.26124,0.71148,-3.0829173849999996,0.33261106500000165,1.456412105,4.289531783999995,jpeg_quality_15,ImageCompression,0.0212,0.1524,0.03451667,0.01573667,1.0,-0.45024,10,88
aug_051,-0.09539098504198838,-5.3644594e-06,0.37072,0.57536,-1.36373065,0.2290776780000007,0.7876289949999993,2.447804285999994,equalize_luma,Equalize,0.5028,0.2078,0.032466933,0.015443502,1.0,-0.20464,11,71
aug_010,-0.04767193708272787,-2.50342035e-06,0.397,0.55456,-1.46099805,0.3778036650000019,1.1835190449999975,3.0053024669999946,rotate_minus_20,Rotate,0.9214,0.2312,0.031225236,0.016357822,1.0,-0.15756000000000003,12,60
aug_047,-0.08566823624494047,-7.51025935e-06,0.36656,0.58472,-1.513710135,0.2953087540000002,0.9623181854999996,2.7420068039999945,autocontrast_cdf,AutoContrast,0.5902,0.2224,0.02983663,0.016310323,1.0,-0.21816000000000002,13,70
aug_069,-0.0342489318887478,-1.1920932e-07,0.42672,0.5056,-0.7453115014999999,0.1531705450000003,0.5165186499999996,1.7807810609999961,planckian_warm_cied,PlanckianJitter,0.7644,0.184,0.022358676,0.011910283,1.0,-0.07888000000000006,14,56
aug_050,-0.11697884457284669,-2.1339003999999998e-05,0.33876,0.61408,-1.7090190699999999,0.2571378920000003,0.9764285849999995,2.7576855149999973,clahe_clip_4,CLAHE,0.2462,0.2068,0.022276191,0.015397385,1.0,-0.27531999999999995,15,73
aug_086,-0.10570261681778069,-1.1802238000000001e-05,0.35752,0.59728,-1.617582345,0.25683516100000026,0.8921659275,2.7343322319999963,sharpen_medium,Sharpen,0.5008,0.2008,0.019669488,0.016661426,1.0,-0.23976000000000003,16,72
aug_097,-0.29318496006826333,-0.00107985945,0.23752,0.7334,-3.10946627,0.36331141300000025,1.4810309349999966,4.2558015599999965,downscale_033_area_linear,Downscale,0.1042,0.1274,0.019446854,0.008469237,1.0,-0.49588000000000004,17,89
aug_012,-0.12757087268007022,-2.2769479999999998e-05,0.35256,0.60944,-2.093658515,0.37829926900000127,1.309312355,3.499178597999999,rotate_minus_30,Rotate,0.5908,0.2154,0.015735399,0.016711628,1.0,-0.25688,18,75
aug_089,-0.03922484571123898,-7.3317378e-06,0.35032,0.59676,-1.19738429,0.2651540310000001,0.8900194804999993,2.6958447079999974,jpeg_quality_70,ImageCompression,0.0164,0.1522,0.012214177,0.010556503,1.0,-0.24643999999999994,19,57
aug_009,-0.016202242323645026,-5.9604736e-07,0.4158,0.53132,-1.12365091,0.3541524410000007,0.988689563,2.5582072519999963,rotate_plus_10,Rotate,0.7952,0.2168,0.009672775,0.01615219,1.0,-0.11552000000000001,20,46
aug_098,-0.6850821852308747,-0.01052146,0.21172,0.76788,-4.754525950000001,0.2648559900000006,1.5689220249999998,4.928900662999997,downscale_025_area_linear,Downscale,0.0,0.1376,0.007787586,0.018119765,1.0,-0.55616,21,94
aug_019,-0.6984795715986847,-0.00634071015,0.25712,0.72424,-4.86358843,0.18487835400000077,1.2955590749999983,4.428918209999996,safe_rotate_plus_40,SafeRotate,0.018,0.176,0.0076157423,0.011333663,1.0,-0.46712,22,96
aug_005,0.0019084968688621422,0.0,0.46736,0.47052,-0.8195872399999999,0.2915706200000003,0.8232011614999992,2.1182701629999956,square_horizontal,SquareSymmetry,0.0,0.244,0.0074832104,0.014045581,1.0,-0.003159999999999996,23,2
aug_002,-1.0008486848048523,-0.05341068,0.20528,0.77596,-5.6465094,0.16375578300000299,1.2674910399999992,4.481450179999977,square_r180,SquareSymmetry,0.001,0.1284,0.0072875633,0.013021813,1.0,-0.57068,24,97
aug_004,-1.0041919179047796,-0.05253041,0.20404,0.7764,-5.63386683,0.169873994000001,1.2986621349999996,4.350608843,square_vertical,SquareSymmetry,0.0012,0.129,0.0062910626,0.013896261,1.0,-0.57236,25,98
aug_079,-0.2194384268875949,-0.00016028897,0.291,0.6736,-2.58032361,0.30551276400000016,1.1599786649999997,3.6249589739999943,median_blur_5,MedianBlur,0.245,0.1538,0.006125844,0.013408476,1.0,-0.3826,26,84
aug_018,-0.6972549578214478,-0.00554169025,0.26244,0.71728,-4.897362395,0.18776831800000096,1.3112973049999992,4.2778811079999945,safe_rotate_minus_40,SafeRotate,0.0188,0.175,0.0045021614,0.01220945,1.0,-0.45484,27,95
aug_003,-1.179318872250351,-0.063264355,0.21092,0.7726,-6.281634534999999,0.1373152630000004,1.306562749999999,4.614563295,square_r270,SquareSymmetry,0.0188,0.1456,0.0041783275,0.012400901,1.0,-0.56168,28,100
aug_023,0.000421992062270009,-1.1920932e-07,0.43112,0.506,-0.7886660565,0.2713781670000001,0.7896113775,2.1131059009999986,scale_105,Affine,0.0,0.1996,0.0027808943,0.014274818,1.0,-0.07488,29,3
aug_006,0.00013802979053302862,-2.384188e-07,0.42288,0.5192,-0.8796737,0.31394244200000027,0.8880598024999994,2.2374179349999985,rotate_minus_5,Rotate,0.0,0.1956,0.0027422942,0.013620082,1.0,-0.09632000000000002,30,4
aug_022,-0.002041335027374704,-3.576282e-07,0.4164,0.52364,-0.833448275,0.28508686100000097,0.8086360579999989,2.1444068669999985,scale_095,Affine,0.0,0.1766,0.0027378837,0.011548097,1.0,-0.10724,31,13
aug_015,-0.29382278986455096,-0.00023565045499999998,0.3052,0.66608,-3.05310252,0.3296546720000004,1.2931541,3.991340206999989,rotate_plus_40,Rotate,0.1752,0.1942,0.0024904646,0.015885852,1.0,-0.36088,32,90
aug_090,-0.08424185318074598,-2.4199967000000002e-05,0.32448,0.63128,-1.647340315,0.30139266500000117,1.0368977649999989,3.225700555999986,jpeg_quality_50,ImageCompression,0.0882,0.1674,0.0022821003,0.013436824,1.0,-0.30679999999999996,33,69
aug_013,-0.1375352404744725,-2.9147624500000002e-05,0.3468,0.6164,-2.133236185,0.35950851600000394,1.262014205,3.4569697119999994,rotate_plus_30,Rotate,0.3134,0.2148,0.0017181096,0.015067311,1.0,-0.26959999999999995,34,76
aug_049,-0.05431647552368502,-3.218664e-06,0.37688,0.56684,-1.09638746,0.23009990900000074,0.752090908,2.163671023999996,clahe_clip_2,CLAHE,0.3,0.2082,0.0015000503,0.011919898,1.0,-0.18996000000000002,35,63
aug_094,-0.3377610098619164,-0.00067925065,0.258,0.71412,-3.3223311549999996,0.3240781570000034,1.3307376199999972,4.092063919999998,webp_quality_10,ImageCompression,0.0178,0.1506,0.0014249214,0.013397951,1.0,-0.45611999999999997,36,91
aug_093,-0.18228462348060456,-0.00010157229,0.30168,0.66144,-2.329141795,0.32210769600000017,1.1817539599999989,3.4880640589999725,webp_quality_25,ImageCompression,0.0426,0.1686,0.0014192521,0.01290157,1.0,-0.35976,37,79
aug_017,-0.1968367130342349,-9.1320455e-05,0.31548,0.65464,-2.467968075,0.33114123600000006,1.2577125449999995,3.6447339109999968,safe_rotate_plus_20,SafeRotate,0.2912,0.1808,0.0013630767,0.015850363,1.0,-0.33916,38,81
aug_014,-0.2861055980997002,-0.000215594535,0.30784,0.66368,-3.05112957,0.3526182060000018,1.328667299999999,3.9437103159999776,rotate_minus_40,Rotate,0.253,0.1978,0.0012716912,0.013487215,1.0,-0.35584000000000005,39,87
aug_027,-0.0012243073332611105,0.0,0.44092,0.49272,-0.6772257825,0.23458764600000062,0.6775076859999999,1.7785493879999965,shear_x_plus_5,Affine,0.0004,0.1952,0.0011435618,0.012474062,1.0,-0.05180000000000001,40,9
aug_007,-0.002887732563990578,-3.5762815e-07,0.41908,0.52212,-0.8813995524999999,0.314858554,0.8611747249999998,2.215484660999995,rotate_plus_5,Rotate,0.0,0.1892,0.0010745394,0.010718741,1.0,-0.10304000000000002,41,18
aug_028,-0.0014981366509440076,0.0,0.43864,0.4968,-0.710023615,0.24549923800000045,0.6973158774999995,1.7904059759999789,shear_y_minus_5,Affine,0.0002,0.2074,0.00095904706,0.009953511,1.0,-0.058160000000000045,42,10
aug_053,-0.0194806453780202,-2.384187e-07,0.39532,0.51836,-0.5988650325,0.144255932,0.4730385084999998,1.4001119559999953,hue_plus_5,HueSaturationValue,0.493,0.1766,0.00085664645,0.0074626426,1.0,-0.12304000000000004,43,50
aug_091,-0.1417100773597412,-7.820622e-05,0.30284,0.65944,-2.1376510449999997,0.3507472500000001,1.2103628099999988,3.6146108699999826,jpeg_quality_30,ImageCompression,0.1004,0.1558,0.0008350774,0.012928346,1.0,-0.35660000000000003,44,77
aug_085,-0.04876336466308899,-1.1920963e-06,0.39644,0.54584,-1.0597227749999998,0.21065380100000067,0.7083939139999998,2.0727704659999993,sharpen_light,Sharpen,0.2538,0.2124,0.0007880303,0.013042174,1.0,-0.14939999999999998,45,61
aug_084,-0.6576664465202048,-0.0190098185,0.1898,0.7956,-4.44706372,0.2346862080000015,1.5053111249999984,4.931298766999992,defocus_radius_5,Defocus,0.0,0.1128,0.0006633832,0.007854306,1.0,-0.6058,46,93
aug_099,-0.2328853854893995,-0.000779834195,0.23956,0.73004,-2.7483171099999995,0.3462134700000015,1.3704667549999987,4.101727489999986,ringing_overshoot_light,RingingOvershoot,0.0088,0.1486,0.0006204998,0.004413683,1.0,-0.49048,47,85
aug_096,-0.15037142606965598,-0.000252627145,0.26216,0.7024,-2.1874731699999996,0.3515931720000006,1.2941199949999995,3.6692335169999977,downscale_040_area_linear,Downscale,0.43,0.1166,0.00060588936,0.0061646947,1.0,-0.44024,48,78
aug_026,-0.007035779204609745,0.0,0.43956,0.49552,-0.7148282235,0.2198947570000005,0.6471664679999991,1.7490171629999915,shear_x_minus_5,Affine,0.0264,0.1966,0.00060069107,0.009501871,1.0,-0.05596000000000001,49,32
aug_074,-0.2028999053332938,-0.0005197804300000001,0.24692,0.72208,-2.543533235,0.33194275400000073,1.3252115799999988,3.9330268439999974,blur_5,Blur,0.035,0.12,0.00058927893,0.004459564,1.0,-0.47516,50,83
aug_077,-0.1870415800990856,-0.00043378647999999995,0.252,0.71584,-2.4205615849999997,0.33702736000000066,1.3342105399999997,3.9005418649999988,gaussian_blur_sigma_15,GaussianBlur,0.0234,0.1188,0.0005266442,0.003960839,1.0,-0.46384000000000003,51,80
aug_083,-0.23666624907102887,-0.0007863978200000001,0.2394,0.73172,-2.711123745,0.33157022400000097,1.388625089999999,4.102007743999994,defocus_radius_3,Defocus,0.0336,0.1154,0.0004964729,0.0053846096,1.0,-0.49232000000000004,52,86
aug_032,-0.05954662927997968,-3.3378739e-06,0.3732,0.5706,-1.07965093,0.21062258400000025,0.7207054229999993,2.0707786189999964,brightness_minus_20,RandomBrightnessContrast,0.3306,0.2014,0.00048826795,0.009418935,1.0,-0.19740000000000002,53,64
aug_057,-0.015978432791773294,-1.1920935e-07,0.40632,0.5088,-0.5866856635,0.15197111200000005,0.4793773139999999,1.4338106799999966,saturation_plus_30,HueSaturationValue,0.0318,0.1602,0.00048673197,0.0077536507,1.0,-0.10248000000000002,54,45
aug_043,-0.007006275298588595,0.0,0.43192,0.48232,-0.3124953735,0.08996306060000002,0.2635563914999998,0.703964230599998,gamma_120,RandomGamma,0.0,0.1464,0.00047205508,0.0050137043,1.0,-0.0504,55,31
aug_016,-0.201413025169538,-8.500120499999999e-05,0.32036,0.649,-2.493570655,0.3335096200000013,1.2657064549999992,3.5937936319999984,safe_rotate_minus_20,SafeRotate,0.4888,0.1872,0.00045146947,0.01329752,1.0,-0.32864000000000004,56,82
aug_095,-0.06749955687707533,-5.7878149000000005e-05,0.29012,0.6668,-1.4931140749999998,0.31204066700000066,1.0525566849999997,3.0422846189999992,downscale_050_area_linear,Downscale,0.4356,0.1086,0.0004499578,0.004754381,1.0,-0.37667999999999996,57,66
aug_046,-0.007909323147654879,0.0,0.43824,0.46444,-0.243991636,0.06126267460000002,0.1970815779999997,0.6854385856999917,random_tone_curve_strong,RandomToneCurve,0.0,0.1476,0.00044358085,0.0059641427,1.0,-0.0262,58,35
aug_067,-0.02782077486647206,-2.384186e-07,0.42312,0.5122,-0.813091558,0.18965740500000147,0.6076215789999996,1.7513825399999932,planckian_daylight_blackbody,PlanckianJitter,0.6594,0.1606,0.00044299779,0.008132871,1.0,-0.08907999999999999,59,55
aug_088,-0.007594946385940328,0.0,0.46392,0.4432,-0.271576946,0.06842386160000001,0.22221805549999984,0.6404752221999971,enhance_detail_light,Enhance,0.0048,0.1342,0.0004355648,0.0052959076,1.0,0.020720000000000016,60,34
aug_036,-0.001800363192250112,0.0,0.43348,0.48156,-0.31116415849999995,0.1058250020000006,0.29871564699999986,0.7936154414999993,contrast_minus_20,RandomBrightnessContrast,0.0,0.149,0.00042922416,0.0052876915,1.0,-0.04808000000000001,61,12
aug_042,-0.0025944259088498756,0.0,0.4294,0.46652,-0.163573957,0.05221019350000003,0.14631306499999996,0.40318101899999964,gamma_110,RandomGamma,0.0,0.0984,0.00042835402,0.0038139794,1.0,-0.037119999999999986,62,17
aug_058,-0.006646229362773813,0.0,0.42484,0.49092,-0.32529590999999997,0.09845492200000072,0.2975361909999997,0.8123508365999988,value_minus_15,HueSaturationValue,0.0006,0.1262,0.00042781676,0.004381811,1.0,-0.06608000000000003,63,30
aug_044,-0.005031525473094756,0.0,0.4188,0.47748,-0.18209609699999998,0.04788209810000012,0.15251000649999982,0.5565780562999992,random_tone_curve_light,RandomToneCurve,0.0,0.0958,0.00042578302,0.00388827,1.0,-0.05868000000000001,64,26
aug_071,-0.0032883301004267024,0.0,0.4458,0.46248,-0.2850311615,0.07652258000000003,0.24763728049999995,0.8610627929999969,planckian_cool_cied,PlanckianJitter,0.0002,0.056,0.00042240735,0.0038440367,1.0,-0.016680000000000028,65,20
aug_030,-0.01328091455750432,-2.3841926e-07,0.40376,0.52352,-0.49866431549999995,0.13722950900000003,0.4252601739999998,1.2324166499999993,brightness_minus_10,RandomBrightnessContrast,0.0236,0.1484,0.00042217987,0.0057754517,1.0,-0.11975999999999998,66,41
aug_045,-0.01015069594463001,0.0,0.42796,0.48492,-0.32770018149999997,0.08378684800000007,0.266685042,0.7886842009999983,random_tone_curve_medium,RandomToneCurve,0.0,0.1122,0.00042119413,0.004404644,1.0,-0.05696000000000001,67,38
aug_087,-0.0024596231344704432,0.0,0.45216,0.43144,-0.1212764143,0.03334864100000018,0.10470496649999993,0.31633369999999844,unsharp_mask_light,UnsharpMask,0.0,0.073,0.00041970718,0.0042297835,1.0,0.020720000000000016,68,16
aug_001,-1.1773109123656427,-0.066568235,0.20856,0.77532,-6.332661665,0.15015775900000083,1.246418825,4.521407670999987,square_r90,SquareSymmetry,0.0194,0.1346,0.0004181971,0.007536128,1.0,-0.56676,69,99
aug_034,-0.0007520932307733068,0.0,0.43448,0.46716,-0.1864916135,0.062167823300000036,0.18333686649999995,0.4999424614999993,contrast_minus_10,RandomBrightnessContrast,0.0,0.1044,0.00041779815,0.004295665,1.0,-0.03268000000000004,70,8
aug_038,-0.018645251271775333,-4.7683784e-07,0.39904,0.53328,-0.603648555,0.16816265900000008,0.5103444715,1.4783481389999897,brightness_contrast_minus_10,RandomBrightnessContrast,0.1702,0.19,0.0004163407,0.0062976526,1.0,-0.13423999999999997,71,48
aug_076,-0.06039016099414512,-4.3036640000000003e-05,0.29792,0.65688,-1.420981765,0.2951667310000005,0.9985314619999995,2.8961607699999776,gaussian_blur_sigma_10,GaussianBlur,0.3258,0.1106,0.00041350146,0.0049851667,1.0,-0.35896,72,65
aug_000,0.0,0.0,0.0,0.0,0.0,0.0,0.0,0.0,identity,identity,1.0,1.0,0.00041315518,0.0038120302,1.0,0.0,73,5
aug_054,-0.004275295551794408,0.0,0.42764,0.47192,-0.3196582555,0.09540456050000057,0.2971247449999999,0.9223434687999933,saturation_minus_15,HueSaturationValue,0.0018,0.1466,0.0004112754,0.006591799,1.0,-0.044279999999999986,74,23
aug_039,-0.015273935129927495,0.0,0.42884,0.49792,-0.5505660969999999,0.1427283200000002,0.44935426999999956,1.2601127889999937,brightness_contrast_plus_10,RandomBrightnessContrast,0.19,0.1892,0.0004020954,0.006139626,1.0,-0.06907999999999997,75,43
aug_061,-0.0030829896340769623,0.0,0.44928,0.46828,-0.3503483275,0.1083937260000003,0.328448334,0.9019442793999985,rgb_red_plus_10,RGBShift,0.0,0.1474,0.00040085491,0.006623358,1.0,-0.01899999999999996,76,19
aug_064,-0.0020518182136013054,0.0,0.44272,0.47536,-0.316714791,0.10878972140000004,0.32058719999999996,0.8919097078999997,rgb_blue_minus_10,RGBShift,0.0,0.1316,0.00040054478,0.0059950138,1.0,-0.03264,77,14
aug_073,-0.046600912224751864,-3.77920295e-05,0.29364,0.65936,-1.2583032399999998,0.27871919800000045,0.9531223414999997,2.7617574249999985,blur_3,Blur,0.328,0.094,0.00039850242,0.004131971,1.0,-0.36571999999999993,78,59
aug_060,-0.0062422402700395285,0.0,0.43576,0.48176,-0.3500913,0.10878243540000004,0.3170239465,0.8767903635999896,rgb_red_minus_10,RGBShift,0.004,0.1428,0.000397991,0.0046965303,1.0,-0.04600000000000004,79,29
aug_041,-0.0006773825240926488,0.0,0.448,0.44892,-0.161277035,0.05479575370000003,0.15795952399999985,0.41137440679999904,gamma_90,RandomGamma,0.0,0.1198,0.000397209,0.0046772445,1.0,-0.0009199999999999764,80,7
aug_035,-0.0036159085293142623,0.0,0.43652,0.4694,-0.2205827015,0.06887156800000004,0.1964929399999998,0.5990579389999987,contrast_plus_10,RandomBrightnessContrast,0.0,0.1104,0.0003944173,0.0040714806,1.0,-0.032879999999999965,81,21
aug_031,-0.008053734335263501,0.0,0.44012,0.47856,-0.3669529075,0.10609079950000004,0.31463112399999993,0.9315150422999959,brightness_plus_10,RandomBrightnessContrast,0.017,0.1386,0.00039368798,0.003979372,1.0,-0.038439999999999974,82,36
aug_037,-0.009783916822259766,0.0,0.42668,0.49412,-0.4068927915,0.119814601,0.3526474524999999,1.0560486589999947,contrast_plus_20,RandomBrightnessContrast,0.2322,0.158,0.00039197187,0.005344261,1.0,-0.06744,83,37
aug_059,-0.0036797783238766094,0.0,0.4342,0.48012,-0.32560534999999996,0.09958149050000024,0.29915066899999976,0.8425472849999984,value_plus_15,HueSaturationValue,0.0,0.1196,0.00038448907,0.005269883,1.0,-0.045920000000000016,84,22
aug_063,-0.010979624504696951,0.0,0.43848,0.48828,-0.5032071969999999,0.14244542699999999,0.42862477249999964,1.2065501679999995,rgb_green_plus_10,RGBShift,0.0034,0.1684,0.00038336669,0.006862227,1.0,-0.04980000000000001,85,40
aug_033,-0.021079521396265278,-1.1920952e-07,0.42232,0.51024,-0.6692490999999999,0.17380881500000042,0.5388300749999999,1.5285485349999997,brightness_plus_20,RandomBrightnessContrast,0.428,0.1912,0.00038047787,0.0069861044,1.0,-0.08792000000000005,86,52
aug_055,-0.004653568983146124,0.0,0.4252,0.47548,-0.33012644649999995,0.10353242880000016,0.2956958164999998,0.8727065469999963,saturation_plus_15,HueSaturationValue,0.0,0.1262,0.00037889634,0.0055743176,1.0,-0.05027999999999999,87,25
aug_070,-0.004600001923976712,0.0,0.44572,0.46892,-0.3267087225,0.09781832300000004,0.2899060199999999,0.9130721174999934,planckian_daylight_cied,PlanckianJitter,0.0,0.13,0.00036932266,0.0070231254,1.0,-0.0232,88,24
aug_066,-0.02052453253432225,-1.1920929e-07,0.42968,0.50036,-0.6128101579999999,0.15738886800000043,0.49799886099999996,1.5206645939999883,planckian_warm_blackbody,PlanckianJitter,0.7768,0.1538,0.0003679849,0.0064514102,1.0,-0.07068000000000002,89,51
aug_065,-0.006037641813835419,0.0,0.44564,0.47,-0.33674027300000003,0.101561645,0.29255652599999976,0.8229050319999994,rgb_blue_plus_10,RGBShift,0.0002,0.13,0.00036627383,0.004997961,1.0,-0.024359999999999993,90,27
aug_082,-0.08280998502267825,-4.1723446e-06,0.37408,0.57052,-1.308650205,0.21111970500000027,0.7756086149999999,2.341351467,motion_blur_5_diagonal,MotionBlur,0.5626,0.1734,0.0003604726,0.011466948,1.0,-0.19644,91,68
aug_081,-0.12651585966551404,-6.2528743e-05,0.30136,0.65704,-1.8643262,0.2681765940000006,1.0357361249999992,3.1879892469999875,motion_blur_5_horizontal,MotionBlur,0.0178,0.1418,0.00035986135,0.011572568,1.0,-0.35567999999999994,92,74
aug_040,-0.0023163062476439064,0.0,0.44348,0.47184,-0.316035754,0.10805996000000029,0.3005470499999999,0.8226333693999992,gamma_80,RandomGamma,0.0018,0.1654,0.0003572576,0.0064285197,1.0,-0.028359999999999996,93,15
aug_075,0.002092338524777831,-5.960468e-07,0.37908,0.5426,-0.3632687,0.13225770800000006,0.3860121579999997,1.0507656809999992,gaussian_blur_sigma_05,GaussianBlur,0.0,0.0692,0.0003496102,0.0054028244,1.0,-0.16352,94,1
aug_062,-0.007292463002658501,0.0,0.44512,0.47956,-0.46752607449999994,0.14009731100000017,0.4186562994999991,1.1685262839999973,rgb_green_minus_10,RGBShift,0.0,0.1694,0.00034764677,0.00798414,1.0,-0.03443999999999997,95,33
aug_052,-0.022334133156091642,-1.1920932e-07,0.40964,0.50444,-0.6225160614999999,0.1428564780000006,0.45962826199999945,1.4099887699999967,hue_minus_5,HueSaturationValue,0.0538,0.18,0.00034395428,0.010043932,1.0,-0.0948,96,53
aug_056,-0.01893952675858993,0.0,0.41412,0.49884,-0.624730268,0.15388975300000007,0.4980452229999991,1.5056116919999911,saturation_minus_30,HueSaturationValue,0.1868,0.1998,0.0003428633,0.009746802,1.0,-0.08472000000000002,97,49
aug_080,-0.022552909064024507,-5.69354925e-06,0.3426,0.59844,-0.8370591475,0.20726343100000008,0.6863254814999992,2.0289695769999962,motion_blur_3_horizontal,MotionBlur,0.0046,0.1066,0.00034193424,0.004573517,1.0,-0.25583999999999996,98,54
aug_068,-0.006187100490342491,0.0,0.438,0.48344,-0.4128976985,0.11928603950000001,0.37423743349999977,1.1167588109999986,planckian_cool_blackbody,PlanckianJitter,0.0002,0.1732,0.0003268341,0.007953915,1.0,-0.04543999999999998,99,28
aug_078,-0.043288777965552465,-8.58313725e-06,0.33896,0.60548,-1.0426640900000002,0.23523030700000183,0.779194115,2.3269486929999985,median_blur_3,MedianBlur,0.8774,0.1236,0.0003121859,0.0058718356,1.0,-0.26652000000000003,100,58
